{
  "operator": {
    "formula": "A(s) = w_C\u00b7C + w_H\u00b7(1-H) + w_R\u00b7R + w_S\u00b7S + w_F\u00b7F",
    "weights": {
      "w_C": 0.3,
      "w_H": 0.25,
      "w_R": 0.15,
      "w_S": 0.15,
      "w_F": 0.15
    }
  },
  "invariants": {
    "monotonicity": true,
    "boundedness": true,
    "symmetry": true,
    "weight_robustness": true,
    "all_pass": true
  },
  "hypotheses": {
    "H1_passed": true,
    "H2_passed": true,
    "all_pass": true
  },
  "confidence": {
    "internal": 0.94,
    "external": 0.8
  }
}